Activity ID,Activity Date,Activity Name,Activity Type,Activity Description,Elapsed Time,Distance,Max Heart Rate,Relative Effort,Commute,Activity Private Note,Activity Gear,Filename,Athlete Weight,Bike Weight,Elapsed Time,Moving Time,Distance,Max Speed,Average Speed,Elevation Gain,Elevation Loss,Elevation Low,Elevation High,Max Grade,Average Grade,Average Positive Grade,Average Negative Grade,Max Cadence,Average Cadence,Max Heart Rate,Average Heart Rate,Max Watts,Average Watts,Calories
10000000001,"Oct 2, 2024, 5:54:00 AM",Footing matin,Run,,1:12:49,10.83,,127,false,,,,,,4368.7,4292.6,10834.9,3.374,2.524,49,49,,,,,,,,,143.7,129.7,,,703
10000000002,"Oct 3, 2024, 11:09:00 AM",Easy run,Run,,43:48,6.26,,87,false,,,,,,2627.9,2439.7,6260.7,3.379,2.566,130,130,,,,,,,,,140.5,126.9,,,396
10000000000,"Oct 4, 2024, 8:44:00 AM",Petit footing,Run,,44:18,6.56,,41,false,,,,,,2658.0,2516.7,6562.2,3.177,2.607,59,59,,,,,,,,,140.0,122.1,,,458
10000000004,"Oct 11, 2024, 5:44:00 AM",Easy run - Parc de Sceaux,Run,,56:35,8.77,,113,false,,,,,,3395.3,3357.6,8773.6,3.885,2.613,113,113,,,,,,,,,137.9,124.0,,,574
10000000005,"Oct 12, 2024, 10:59:00 AM",Récupération,Run,,30:25,4.20,,44,false,,,,,,1825.4,1809.9,4198.6,3.351,2.320,,,,,,,,,,,125.0,111.9,,,268
10000000003,"Oct 13, 2024, 10:34:00 AM",Footing en forêt,Run,,1:07:42,9.81,,79,false,,,,,,4062.4,3781.0,9814.1,3.523,2.596,46,46,,,,,,,,,147.5,127.2,,,657
10000000008,"Oct 15, 2024, 10:49:00 AM",Easy run,Run,,1:11:51,10.33,,34,false,,,,,,4310.9,4057.2,10332.6,3.786,2.547,103,103,,,,,,,,,137.5,125.9,,,700
10000000007,"Oct 20, 2024, 5:48:00 AM",Côtes,Run,,44:11,8.06,,128,false,,,,,,2650.6,2565.5,8057.4,4.933,3.141,38,38,,,,,,,,,169.4,142.9,,,506
10000000006,"Oct 21, 2024, 9:08:00 AM",Petit footing,Run,,41:15,6.28,,78,false,,,,,,2475.1,2363.8,6282.7,4.010,2.658,117,117,,,,,,,,,137.5,126.4,,,450
10000000009,"Oct 25, 2024, 5:35:00 AM",Déblocage,Run,,57:23,8.18,,37,false,,,,,,3442.5,3270.2,8177.9,3.957,2.501,68,68,,,,,,,,,140.3,123.8,,,506
10000000010,"Oct 27, 2024, 8:43:00 AM",Seuil continu,Run,,40:56,8.21,,26,false,,,,,,2455.8,2361.6,8214.1,4.912,3.478,9,9,,,,,,,,,163.8,150.7,,,569
10000000013,"Oct 29, 2024, 10:51:00 AM",Easy run,Run,,59:45,8.47,,82,false,,,,,,3584.9,3335.4,8466.6,3.898,2.538,29,29,,,,,,,,,134.4,123.3,,,540
10000000011,"Oct 30, 2024, 6:34:00 AM",Footing matin,Run,,53:50,8.03,,43,false,,,,,,3229.8,3103.6,8028.5,4.057,2.587,,,,,,,,,,,142.7,125.6,,,497
10000000012,"Nov 4, 2024, 9:21:00 AM",Petit footing - Bois de Vincennes,Run,,1:05:45,10.01,,36,false,,,,,,3945.3,3770.8,10013.9,3.963,2.656,73,73,,,,,,,,,144.0,128.6,,,684
10000000016,"Nov 5, 2024, 9:40:00 AM",Sortie longue,Run,,1:02:50,9.21,,134,false,,,,,,3770.3,3657.0,9214.3,3.629,2.520,143,143,,,,,,,,,151.4,135.6,,,659
10000000015,"Nov 9, 2024, 9:14:00 AM",Déblocage,Run,,41:53,6.35,,147,false,,,,,,2512.7,2415.3,6351.8,3.560,2.630,103,103,,,,,,,,,140.4,125.2,,,426
10000000014,"Nov 10, 2024, 6:40:00 AM",Petit footing,Run,,1:16:53,11.17,,55,false,,,,,,4612.7,4297.8,11168.1,3.911,2.599,252,252,,,,,,,,,149.2,128.5,,,709
10000000018,"Nov 14, 2024, 9:46:00 AM",10x400,Run,,1:00:10,11.23,,78,false,,,,,,3610.1,3351.7,11231.2,5.322,3.351,63,63,,,,,,,,,168.2,143.1,,,800
10000000017,"Nov 18, 2024, 7:12:00 AM",Long run dimanche,Run,,1:41:10,15.52,,111,false,,,,,,6069.9,6005.9,15516.6,3.527,2.584,100,100,,,,,,,,,144.2,130.9,,,1026
10000000019,"Nov 19, 2024, 6:17:00 AM",Sortie longue dominicale,Run,,2:28:37,20.92,,111,false,,,,,,8917.2,8413.5,20915.4,3.280,2.486,244,244,,,,,,,,,145.0,133.3,,,1315
10000000021,"Nov 26, 2024, 8:38:00 AM",Footing matin,Run,,1:19:34,11.67,,141,false,,,,,,4774.2,4466.7,11670.3,3.879,2.613,85,85,,,,,,,,,141.7,125.4,,,827
10000000020,"Nov 30, 2024, 10:58:00 AM",Footing en forêt,Run,,55:37,8.54,,101,false,,,,,,3336.8,3176.0,8541.5,3.443,2.689,148,148,,,,,,,,,138.2,124.9,,,574
10000000022,"Dec 1, 2024, 9:09:00 AM",Allure semi,Run,,44:23,9.05,,107,false,,,,,,2663.4,2602.9,9052.6,4.654,3.478,61,61,,,,,,,,,163.7,151.2,,,644
10000000025,"Dec 7, 2024, 8:52:00 AM",Décrassage,Run,,32:41,4.35,,144,false,,,,,,1960.9,1818.1,4346.0,3.490,2.390,72,72,,,,,,,,,124.1,114.4,,,286
10000000024,"Dec 8, 2024, 9:55:00 AM",Déblocage,Run,,1:04:29,9.96,,61,false,,,,,,3869.3,3719.4,9960.2,3.957,2.678,44,44,,,,,,,,,142.9,128.8,,,667
10000000023,"Dec 9, 2024, 8:52:00 AM",Récup active,Run,,1:05:59,10.72,,82,false,,,,,,3959.3,3923.1,10724.2,3.665,2.734,131,131,,,,,,,,,144.9,125.8,,,757
99000000277,"Dec 9, 2024, 10:30:00 PM",PPG,Workout,,50:39,0.00,,,false,,,,,,3038.5,2905.9,0.0,0.000,0.000,,,,,,,,,,,141.5,149.1,,,200
10000000026,"Dec 13, 2024, 6:12:00 AM",Récup active,Run,,1:14:52,11.55,,129,false,,,,,,4491.8,4346.6,11553.5,3.985,2.658,87,87,,,,,,,,,134.7,120.3,,,789
10000000027,"Dec 15, 2024, 6:56:00 AM",Déblocage,Run,,1:12:58,11.40,,125,false,,,,,,4377.5,4279.6,11400.3,4.099,2.664,82,82,,,,,,,,,138.9,122.6,,,781
10000000028,"Dec 16, 2024, 10:08:00 AM",30/30,Run,,57:40,11.08,,38,false,,,,,,3459.9,3321.0,11077.6,4.036,3.336,70,70,,,,,,,,,167.3,143.8,,,733
10000000030,"Dec 19, 2024, 6:19:00 AM",Côtes,Run,,50:49,9.43,,117,false,,,,,,3049.4,2894.2,9429.0,4.170,3.258,49,49,,,,,,,,,169.7,142.6,,,599
10000000029,"Dec 20, 2024, 9:09:00 AM",Easy run,Run,,1:12:43,11.71,,52,false,,,,,,4363.4,4307.9,11712.0,3.574,2.719,85,85,,,,,,,,,136.0,125.0,,,774
99000000265,"Dec 23, 2024, 11:30:00 PM",Sortie vélo,Ride,,1:49:45,48.94,,,false,,,,,,6584.9,6170.6,48942.5,11.709,7.932,65,65,,,,,,,,,153.7,139.3,,,1468
10000000032,"Dec 24, 2024, 10:47:00 AM",Seuil continu,Run,,46:54,9.74,,24,false,,,,,,2813.5,2748.6,9739.4,5.320,3.543,102,102,,,,,,,,,155.5,146.8,,,647
99000000275,"Dec 28, 2024, 1:30:00 AM",Natation,Swim,,47:36,1.96,,,false,,,,,,2856.3,2681.6,1963.9,0.909,0.732,,,,,,,,,,,144.5,139.2,,,58
10000000033,"Dec 28, 2024, 6:44:00 AM",Petit footing,Run,,58:11,8.64,,132,false,,,,,,3491.3,3264.6,8639.2,3.958,2.646,64,64,,,,,,,,,132.8,121.4,,,594
10000000034,"Dec 29, 2024, 10:14:00 AM",Footing matin,Run,,55:41,8.45,,50,false,,,,,,3341.3,3154.0,8445.6,3.815,2.678,140,140,,,,,,,,,145.0,125.0,,,586
10000000031,"Dec 30, 2024, 9:30:00 AM",5 km test,Run,,22:29,5.00,,57,false,,,,,,1349.4,1269.7,5000.0,5.984,3.938,34,34,,,,,,,,,175.0,167.8,,,342
10000000036,"Dec 31, 2024, 7:54:00 AM",30/30,Run,,58:05,10.96,,70,false,,,,,,3484.6,3308.7,10959.5,5.202,3.312,145,145,,,,,,,,,164.8,144.8,,,695
10000000035,"Jan 1, 2025, 9:28:00 AM",Sortie facile,Run,,50:43,7.64,,60,false,,,,,,3042.9,2826.6,7637.6,4.297,2.702,36,36,,,,,,,,,144.7,126.6,,,511
10000000037,"Jan 5, 2025, 6:17:00 AM",Footing en forêt - Parc de Sceaux,Run,,1:07:33,10.57,,52,false,,,,,,4053.3,3881.8,10567.4,3.281,2.722,68,68,,,,,,,,,130.5,119.1,,,672
10000000039,"Jan 9, 2025, 6:34:00 AM",Footing en forêt,Run,,1:02:47,9.47,,133,false,,,,,,3766.7,3588.6,9472.1,3.992,2.640,120,120,,,,,,,,,146.4,126.0,,,643
10000000038,"Jan 10, 2025, 11:15:00 AM",Footing matin,Run,,45:05,6.69,,111,false,,,,,,2704.8,2536.4,6686.3,4.125,2.636,104,104,,,,,,,,,140.6,123.7,,,421
10000000040,"Jan 11, 2025, 8:04:00 AM",Petit footing,Run,,1:10:15,10.63,,91,false,,,,,,4215.3,4007.7,10634.9,3.986,2.654,68,68,,,,,,,,,148.0,129.3,,,658
99000000264,"Jan 14, 2025, 12:30:00 AM",Yoga récup,Yoga,,47:24,0.00,,,false,,,,,,2844.2,2713.2,0.0,0.000,0.000,,,,,,,,,,,,,,,200
10000000041,"Jan 18, 2025, 7:50:00 AM",SL,Run,,2:25:37,20.66,,43,false,,,,,,8736.7,8111.0,20661.3,3.357,2.547,211,211,,,,,,,,,146.2,128.0,,,1449
10000000043,"Jan 21, 2025, 5:35:00 AM",Récup active - Canal de l'Ourcq,Run,,54:58,8.44,,42,false,,,,,,3298.3,3127.5,8438.6,3.440,2.698,85,85,,,,,,,,,142.2,127.0,,,544
10000000042,"Jan 23, 2025, 8:05:00 AM",Footing matin,Run,,50:53,7.95,,75,false,,,,,,3053.2,2932.6,7950.1,3.662,2.711,40,40,,,,,,,,,142.3,125.6,,,502
99000000273,"Jan 24, 2025, 10:30:00 PM",Sortie vélo,Ride,,2:21:30,55.50,,,false,,,,,,8490.0,8128.0,55503.8,8.550,6.829,16,16,,,,,,,,,149.4,127.8,,,1665
10000000044,"Jan 27, 2025, 6:50:00 AM",Sortie longue,Run,,1:54:07,16.82,,62,false,,,,,,6846.8,6541.2,16818.8,3.348,2.571,250,250,,,,,,,,,142.5,130.7,,,1164
10000000045,"Jan 28, 2025, 5:33:00 AM",Décrassage,Run,,44:50,6.50,,39,false,,,,,,2689.7,2545.2,6497.9,3.222,2.553,48,48,,,,,,,,,123.1,113.3,,,446
10000000048,"Jan 30, 2025, 9:57:00 AM",Allure spécifique,Run,,47:25,10.03,,141,false,,,,,,2844.8,2773.2,10031.6,4.414,3.617,84,84,,,,,,,,,161.6,151.5,,,675
10000000047,"Feb 1, 2025, 7:35:00 AM",Allure semi,Run,,42:18,9.00,,83,false,,,,,,2537.6,2418.5,9003.5,5.453,3.723,46,46,,,,,,,,,158.6,147.7,,,562
10000000046,"Feb 2, 2025, 6:33:00 AM",Récup active,Run,,1:11:48,11.21,,121,false,,,,,,4307.6,4118.9,11210.8,3.656,2.722,120,120,,,,,,,,,136.5,121.4,,,743
10000000052,"Feb 4, 2025, 7:13:00 AM",Easy run,Run,,54:10,8.63,,43,false,,,,,,3249.9,3169.3,8626.6,3.506,2.722,79,79,,,,,,,,,134.0,123.2,,,582
10000000051,"Feb 7, 2025, 10:49:00 AM",Déblocage,Run,,42:12,7.00,,74,false,,,,,,2532.2,2518.5,6995.5,3.894,2.778,50,50,,,,,,,,,133.4,121.6,,,448
10000000050,"Feb 8, 2025, 7:11:00 AM",Sortie facile,Run,,49:06,7.59,,48,false,,,,,,2946.2,2824.8,7587.3,3.322,2.686,53,53,,,,,,,,,135.8,124.1,,,532
10000000049,"Feb 10, 2025, 10:48:00 AM",Déblocage,Run,,38:31,6.45,,66,false,,,,,,2311.0,2272.2,6450.4,3.783,2.839,97,97,,,,,,,,,134.7,121.7,,,399
10000000054,"Feb 12, 2025, 8:35:00 AM",30/30,Run,,49:18,9.65,,88,false,,,,,,2957.9,2907.1,9649.0,4.982,3.319,73,73,,,,,,,,,174.6,149.4,,,616
10000000055,"Feb 14, 2025, 8:56:00 AM",Footing récup,Run,,30:42,4.21,,147,false,,,,,,1842.3,1706.2,4206.4,3.771,2.465,87,87,,,,,,,,,124.4,108.1,,,265
10000000053,"Feb 16, 2025, 8:52:00 AM",Petit footing,Run,,52:28,8.65,,77,false,,,,,,3147.9,3145.7,8653.4,4.037,2.751,132,132,,,,,,,,,144.6,123.9,,,592
10000000056,"Feb 18, 2025, 6:05:00 AM",Côtes,Run,,53:46,10.42,,100,false,,,,,,3225.8,3008.2,10423.6,5.009,3.465,141,141,,,,,,,,,166.2,144.4,,,648
10000000058,"Feb 21, 2025, 7:25:00 AM",Footing matin - Forêt de Meudon,Run,,58:13,8.83,,61,false,,,,,,3492.6,3243.8,8833.3,4.011,2.723,14,14,,,,,,,,,143.5,125.2,,,573
10000000057,"Feb 23, 2025, 10:15:00 AM",Décrassage,Run,,47:49,6.74,,70,false,,,,,,2868.9,2673.0,6738.8,3.978,2.521,,,,,,,,,,,128.2,113.2,,,442
10000000059,"Feb 24, 2025, 6:58:00 AM",Seuil continu,Run,,38:55,8.34,,138,false,,,,,,2334.7,2238.0,8335.9,4.891,3.725,133,133,,,,,,,,,161.8,150.2,,,553
10000000061,"Feb 25, 2025, 6:56:00 AM",Récupération,Run,,34:20,5.00,,124,false,,,,,,2060.2,1933.1,4996.0,3.489,2.584,104,104,,,,,,,,,125.1,116.3,,,309
99000000271,"Feb 25, 2025, 5:30:00 PM",Sortie vélo,Ride,,2:54:34,59.26,,,false,,,,,,10474.3,10113.8,59262.8,7.134,5.860,26,26,,,,,,,,,157.7,132.5,,,1777
10000000063,"Feb 26, 2025, 7:17:00 AM",VMA courte,Run,,37:15,7.01,,86,false,,,,,,2234.5,2084.7,7012.2,4.295,3.364,87,87,,,,,,,,,165.0,143.5,,,462
99000000268,"Feb 27, 2025, 8:30:00 PM",Yoga récup,Yoga,,1:19:00,0.00,,,false,,,,,,4739.9,4405.7,0.0,0.000,0.000,,,,,,,,,,,,,,,200
10000000062,"Mar 1, 2025, 9:54:00 AM",Allure spécifique,Run,,41:03,8.33,,20,false,,,,,,2463.2,2288.2,8325.1,5.149,3.638,118,118,,,,,,,,,162.1,150.4,,,565
10000000060,"Mar 2, 2025, 7:01:00 AM",Sortie longue,Run,,1:59:06,18.04,,120,false,,,,,,7145.7,7108.4,18036.3,3.725,2.537,258,258,,,,,,,,,147.0,127.9,,,1128
10000000067,"Mar 5, 2025, 6:23:00 AM",Footing souple,Run,,44:46,6.56,,33,false,,,,,,2686.2,2512.4,6560.0,3.576,2.611,27,27,,,,,,,,,127.7,112.9,,,420
10000000066,"Mar 6, 2025, 9:14:00 AM",Récup active,Run,,49:03,7.73,,146,false,,,,,,2942.5,2821.2,7725.8,4.056,2.739,177,177,,,,,,,,,139.9,126.3,,,498
10000000065,"Mar 8, 2025, 7:59:00 AM",Récup active,Run,,1:12:55,11.23,,142,false,,,,,,4375.2,4119.8,11225.0,3.974,2.725,67,67,,,,,,,,,144.6,129.2,,,795
10000000064,"Mar 9, 2025, 10:13:00 AM",10x400,Run,,43:20,8.23,,79,false,,,,,,2600.3,2453.7,8230.0,4.231,3.354,43,43,,,,,,,,,170.1,145.1,,,518
10000000070,"Mar 11, 2025, 8:21:00 AM",Footing matin,Run,,46:52,7.64,,27,false,,,,,,2812.1,2739.4,7635.2,3.442,2.787,150,150,,,,,,,,,143.8,130.2,,,473
10000000069,"Mar 12, 2025, 7:20:00 AM",Footing en forêt,Run,,1:02:43,9.48,,94,false,,,,,,3762.9,3538.1,9477.4,3.812,2.679,,,,,,,,,,,134.9,122.6,,,617
10000000068,"Mar 17, 2025, 6:27:00 AM",Déblocage,Run,,43:45,7.14,,70,false,,,,,,2624.7,2577.8,7140.8,3.611,2.770,52,52,,,,,,,,,136.2,124.2,,,460
10000000073,"Mar 18, 2025, 11:17:00 AM",Footing souple,Run,,34:00,4.91,,22,false,,,,,,2040.1,1942.2,4913.1,3.474,2.530,112,112,,,,,,,,,127.3,114.6,,,331
10000000072,"Mar 19, 2025, 10:56:00 AM",Footing récup,Run,,34:52,4.98,,103,false,,,,,,2092.1,1985.1,4984.0,3.550,2.511,19,19,,,,,,,,,123.3,108.4,,,312
10000000071,"Mar 22, 2025, 7:36:00 AM",Déblocage - Bois de Vincennes,Run,,58:53,9.22,,96,false,,,,,,3533.3,3366.7,9219.4,4.114,2.738,52,52,,,,,,,,,139.3,120.2,,,625
10000000078,"Mar 26, 2025, 7:07:00 AM",Récup active - Parc de Sceaux,Run,,47:08,7.50,,140,false,,,,,,2828.5,2678.3,7503.9,3.443,2.802,40,40,,,,,,,,,141.9,123.1,,,463
10000000077,"Mar 28, 2025, 9:30:00 AM",Récup active,Run,,1:07:39,10.98,,59,false,,,,,,4058.8,4024.6,10978.9,4.132,2.728,4,4,,,,,,,,,139.7,121.1,,,689
10000000076,"Mar 29, 2025, 7:45:00 AM",Récupération,Run,,41:42,6.47,,76,false,,,,,,2501.9,2484.7,6472.6,3.923,2.605,94,94,,,,,,,,,124.2,115.0,,,451
10000000075,"Mar 30, 2025, 8:47:00 AM",Récupération,Run,,43:22,6.57,,81,false,,,,,,2601.7,2522.0,6566.4,3.812,2.604,61,61,,,,,,,,,120.2,108.3,,,470
10000000074,"Mar 31, 2025, 9:30:00 AM",10 km,Run,,44:40,10.00,,70,false,,,,,,2679.5,2569.9,10000.0,4.882,3.891,22,22,,,,,,,,,166.9,156.7,,,684
99000000262,"Mar 31, 2025, 7:30:00 PM",Rando,Hike,,4:02:34,17.73,,,false,,,,,,14554.0,13681.1,17731.2,1.838,1.296,104,104,,,,,,,,,141.2,128.9,,,531
10000000082,"Apr 1, 2025, 7:53:00 AM",10x400,Run,,54:04,10.07,,108,false,,,,,,3244.4,3013.0,10069.1,4.203,3.342,110,110,,,,,,,,,164.3,142.5,,,690
10000000081,"Apr 2, 2025, 11:26:00 AM",Récupération,Run,,39:15,5.59,,114,false,,,,,,2354.6,2194.1,5591.7,3.869,2.548,81,81,,,,,,,,,130.8,114.6,,,368
10000000080,"Apr 4, 2025, 10:10:00 AM",Footing en forêt,Run,,1:04:02,10.27,,91,false,,,,,,3842.2,3730.8,10274.4,4.351,2.754,100,100,,,,,,,,,134.7,122.8,,,664
10000000079,"Apr 6, 2025, 6:00:00 AM",Footing souple,Run,,28:49,4.13,,20,false,,,,,,1728.7,1655.2,4130.1,3.117,2.495,10,10,,,,,,,,,125.6,108.4,,,271
10000000084,"Apr 9, 2025, 7:37:00 AM",Long run dimanche,Run,,2:05:40,18.61,,143,false,,,,,,7540.2,7196.7,18606.3,3.658,2.585,274,274,,,,,,,,,150.2,130.8,,,1254
10000000083,"Apr 12, 2025, 11:18:00 AM",Tempo run 30',Run,,45:25,9.78,,137,false,,,,,,2724.7,2659.9,9781.9,5.514,3.678,23,23,,,,,,,,,156.7,147.2,,,690
10000000086,"Apr 16, 2025, 9:35:00 AM",Footing matin - Buttes-Chaumont,Run,,52:19,8.26,,103,false,,,,,,3139.0,3055.0,8257.2,3.690,2.703,81,81,,,,,,,,,146.5,126.1,,,509
10000000085,"Apr 18, 2025, 10:55:00 AM",Footing matin - Bois de Vincennes,Run,,50:06,7.64,,48,false,,,,,,3005.9,2887.5,7639.6,3.345,2.646,86,86,,,,,,,,,135.0,123.0,,,475
99000000278,"Apr 20, 2025, 1:30:00 AM",Yoga récup,Yoga,,57:44,0.00,,,false,,,,,,3463.7,3246.9,0.0,0.000,0.000,,,,,,,,,,,,,,,200
10000000087,"Apr 25, 2025, 5:30:00 AM",Sortie facile,Run,,1:03:27,10.07,,130,false,,,,,,3806.6,3752.1,10069.3,4.079,2.684,103,103,,,,,,,,,144.3,123.4,,,639
10000000088,"Apr 28, 2025, 10:44:00 AM",Footing en forêt,Run,,49:03,7.53,,149,false,,,,,,2943.3,2755.6,7533.1,4.300,2.734,71,71,,,,,,,,,138.5,124.1,,,515
99000000279,"Apr 29, 2025, 10:30:00 PM",Yoga récup,Yoga,,1:10:33,0.00,,,false,,,,,,4233.3,4082.6,0.0,0.000,0.000,,,,,,,,,,,,,,,200
10000000089,"May 1, 2025, 7:35:00 AM",Endurance fondamentale,Run,,2:00:50,17.86,,32,false,,,,,,7249.7,7085.0,17863.3,3.093,2.521,186,186,,,,,,,,,151.7,132.4,,,1256
10000000091,"May 7, 2025, 11:01:00 AM",Footing souple,Run,,28:47,4.14,,63,false,,,,,,1726.7,1631.9,4136.8,3.536,2.535,,,,,,,,,,,119.7,109.4,,,286
10000000090,"May 11, 2025, 11:22:00 AM",Allure semi,Run,,34:45,7.38,,33,false,,,,,,2085.3,2064.2,7381.9,5.229,3.576,53,53,,,,,,,,,158.0,148.5,,,470
10000000093,"May 13, 2025, 5:58:00 AM",6x800,Run,,56:46,10.78,,61,false,,,,,,3406.3,3245.4,10780.1,5.182,3.322,96,96,,,,,,,,,168.7,140.1,,,697
10000000092,"May 19, 2025, 5:33:00 AM",Récup active,Run,,1:03:55,9.79,,59,false,,,,,,3834.6,3701.2,9788.3,3.826,2.645,40,40,,,,,,,,,138.8,123.5,,,607
10000000094,"May 21, 2025, 8:28:00 AM",Récup active,Run,,43:39,7.04,,67,false,,,,,,2618.8,2501.9,7035.4,4.011,2.812,26,26,,,,,,,,,136.5,124.3,,,489
10000000095,"May 24, 2025, 10:25:00 AM",SL,Run,,1:42:58,15.68,,20,false,,,,,,6177.7,6025.2,15680.8,3.569,2.603,208,208,,,,,,,,,150.8,130.2,,,1016
10000000096,"May 25, 2025, 8:05:00 AM",Endurance fondamentale,Run,,1:47:51,16.84,,116,false,,,,,,6470.8,6345.8,16838.6,3.419,2.653,184,184,,,,,,,,,148.1,127.7,,,1147
10000000098,"May 28, 2025, 8:39:00 AM",Allure semi,Run,,52:29,11.18,,37,false,,,,,,3149.1,3043.0,11175.6,5.641,3.673,28,28,,,,,,,,,153.4,145.4,,,705
10000000099,"May 29, 2025, 9:48:00 AM",Endurance fondamentale,Run,,2:39:49,23.12,,80,false,,,,,,9589.5,9058.3,23121.6,3.959,2.553,311,311,,,,,,,,,151.6,130.9,,,1473
10000000100,"May 30, 2025, 8:59:00 AM",Easy run - Forêt de Meudon,Run,,54:40,8.63,,91,false,,,,,,3280.3,3188.8,8629.2,3.578,2.706,104,104,,,,,,,,,138.8,122.3,,,574
99000000269,"Jun 1, 2025, 4:30:00 PM",PPG,Workout,,1:09:29,0.00,,,false,,,,,,4169.2,4111.4,0.0,0.000,0.000,,,,,,,,,,,152.0,125.5,,,200
10000000097,"Jun 2, 2025, 6:34:00 AM",Récup active,Run,,52:13,7.85,,38,false,,,,,,3132.7,2935.1,7853.2,4.130,2.676,80,80,,,,,,,,,144.4,123.4,,,489
10000000102,"Jun 7, 2025, 6:31:00 AM",30/30,Run,,43:02,8.54,,135,false,,,,,,2581.5,2474.9,8535.7,4.502,3.449,36,36,,,,,,,,,162.7,144.1,,,608
10000000101,"Jun 8, 2025, 6:28:00 AM",SL,Run,,2:15:10,21.71,,22,false,,,,,,8109.7,8060.4,21706.8,3.313,2.693,252,252,,,,,,,,,151.9,132.7,,,1519
10000000105,"Jun 10, 2025, 11:02:00 AM",Footing en forêt - Canal de l'Ourcq,Run,,1:01:59,9.83,,95,false,,,,,,3719.3,3574.2,9833.7,3.336,2.751,149,149,,,,,,,,,141.1,125.0,,,632
99000000261,"Jun 10, 2025, 4:30:00 PM",Yoga récup,Yoga,,48:28,0.00,,,false,,,,,,2908.5,2817.2,0.0,0.000,0.000,,,,,,,,,,,,,,,200
10000000104,"Jun 12, 2025, 7:45:00 AM",Pyramide,Run,,41:11,8.10,,90,false,,,,,,2471.3,2304.2,8095.0,4.991,3.513,131,131,,,,,,,,,170.8,147.3,,,506
10000000106,"Jun 14, 2025, 10:04:00 AM",Footing en forêt,Run,,52:54,8.12,,120,false,,,,,,3174.5,2939.6,8116.9,3.835,2.761,94,94,,,,,,,,,140.9,126.7,,,541
10000000103,"Jun 16, 2025, 8:30:00 AM",5 km club,Run,,20:55,5.00,,120,false,,,,,,1254.8,1219.2,5000.0,5.288,4.101,35,35,,,,,,,,,173.7,163.7,,,342
10000000108,"Jun 18, 2025, 7:26:00 AM",Footing matin,Run,,43:44,7.09,,80,false,,,,,,2623.6,2478.2,7093.7,3.768,2.862,53,53,,,,,,,,,136.1,123.5,,,457
99000000266,"Jun 19, 2025, 10:30:00 PM",Sortie vélo,Ride,,54:18,23.99,,,false,,,,,,3258.4,3130.6,23992.4,10.413,7.664,10,10,,,,,,,,,150.8,145.6,,,719
10000000107,"Jun 20, 2025, 8:22:00 AM",Déblocage - Forêt de Meudon,Run,,1:00:05,9.94,,130,false,,,,,,3605.0,3465.7,9942.6,4.203,2.869,94,94,,,,,,,,,137.1,122.9,,,713
10000000109,"Jun 21, 2025, 6:25:00 AM",Déblocage,Run,,1:09:09,10.89,,41,false,,,,,,4148.8,3897.4,10892.4,4.040,2.795,50,50,,,,,,,,,141.1,121.5,,,681
10000000110,"Jun 22, 2025, 8:53:00 AM",Easy run,Run,,1:11:43,11.34,,43,false,,,,,,4302.8,4132.8,11336.9,3.781,2.743,87,87,,,,,,,,,133.2,117.5,,,791
10000000112,"Jun 24, 2025, 11:13:00 AM",Sortie facile,Run,,1:04:30,9.84,,145,false,,,,,,3870.2,3597.2,9836.8,4.003,2.735,129,129,,,,,,,,,140.1,124.2,,,617
10000000111,"Jun 27, 2025, 6:16:00 AM",Easy run,Run,,1:02:11,9.97,,66,false,,,,,,3731.1,3523.6,9965.5,3.941,2.828,57,57,,,,,,,,,135.4,121.2,,,676
10000000113,"Jun 29, 2025, 7:53:00 AM",Endurance fondamentale,Run,,2:35:46,25.16,,28,false,,,,,,9345.6,9184.8,25157.1,3.821,2.739,258,258,,,,,,,,,144.2,126.6,,,1746
10000000116,"Jul 1, 2025, 6:37:00 AM",Sortie facile,Run,,47:09,7.80,,46,false,,,,,,2829.2,2748.0,7799.7,3.455,2.838,38,38,,,,,,,,,133.5,119.2,,,497
10000000117,"Jul 2, 2025, 5:49:00 AM",Petit footing,Run,,52:57,8.17,,81,false,,,,,,3177.0,2961.9,8165.4,3.706,2.757,,,,,,,,,,,144.4,124.6,,,563
10000000115,"Jul 5, 2025, 8:12:00 AM",Récup active,Run,,39:16,6.44,,147,false,,,,,,2355.5,2272.9,6444.3,3.455,2.835,42,42,,,,,,,,,135.0,114.3,,,432
10000000114,"Jul 7, 2025, 9:48:00 AM",Tempo run 30',Run,,43:07,9.50,,87,false,,,,,,2587.2,2521.8,9495.2,5.578,3.765,34,34,,,,,,,,,157.0,146.8,,,601
10000000120,"Jul 9, 2025, 8:23:00 AM",Footing en forêt - Bois de Vincennes,Run,,1:03:44,9.85,,54,false,,,,,,3824.5,3586.4,9845.9,4.211,2.745,80,80,,,,,,,,,144.9,125.0,,,611
99000000267,"Jul 11, 2025, 4:30:00 PM",Sortie vélo,Ride,,2:43:01,54.05,,,false,,,,,,9781.4,9373.2,54049.8,7.321,5.766,2,2,,,,,,,,,159.9,145.6,,,1621
10000000118,"Jul 12, 2025, 6:23:00 AM",Footing matin,Run,,1:09:55,10.97,,104,false,,,,,,4194.7,3986.3,10974.3,3.706,2.753,79,79,,,,,,,,,139.2,123.4,,,707
10000000119,"Jul 14, 2025, 7:10:00 AM",Footing en forêt - Parc de Sceaux,Run,,1:13:17,11.61,,68,false,,,,,,4396.7,4121.2,11608.4,3.962,2.817,98,98,,,,,,,,,132.4,121.1,,,787
10000000122,"Jul 15, 2025, 7:55:00 AM",Sortie facile,Run,,55:35,8.79,,65,false,,,,,,3334.9,3109.2,8786.7,3.975,2.826,113,113,,,,,,,,,147.7,126.9,,,586
10000000124,"Jul 18, 2025, 8:01:00 AM",Tempo,Run,,55:21,11.67,,82,false,,,,,,3321.4,3105.8,11668.8,5.240,3.757,131,131,,,,,,,,,159.0,148.7,,,725
10000000121,"Jul 19, 2025, 7:59:00 AM",Footing matin,Run,,1:00:09,9.76,,38,false,,,,,,3608.8,3442.4,9763.0,3.973,2.836,140,140,,,,,,,,,139.7,122.0,,,614
10000000123,"Jul 21, 2025, 9:56:00 AM",Sortie facile,Run,,43:50,7.45,,103,false,,,,,,2630.4,2596.0,7450.4,3.532,2.870,26,26,,,,,,,,,143.6,123.2,,,528
10000000126,"Jul 23, 2025, 5:55:00 AM",Long run dimanche,Run,,1:42:28,15.96,,67,false,,,,,,6148.4,6046.1,15955.9,3.364,2.639,175,175,,,,,,,,,149.5,137.8,,,1113
10000000128,"Jul 25, 2025, 8:07:00 AM",Récup active,Run,,1:10:15,11.36,,49,false,,,,,,4215.4,3986.7,11358.8,3.554,2.849,111,111,,,,,,,,,139.0,122.0,,,757
10000000127,"Jul 26, 2025, 7:15:00 AM",Récup active,Run,,1:15:39,11.63,,82,false,,,,,,4539.2,4262.6,11633.7,4.061,2.729,103,103,,,,,,,,,137.0,126.0,,,777
10000000125,"Jul 27, 2025, 5:55:00 AM",Footing matin,Run,,36:39,6.05,,40,false,,,,,,2199.3,2118.2,6049.1,3.668,2.856,74,74,,,,,,,,,137.5,122.8,,,382
10000000130,"Jul 30, 2025, 10:37:00 AM",SL,Run,,1:57:00,17.22,,25,false,,,,,,7019.7,6581.0,17216.7,3.163,2.616,229,229,,,,,,,,,139.6,128.8,,,1057
10000000129,"Aug 2, 2025, 10:06:00 AM",Allure semi,Run,,49:38,10.63,,101,false,,,,,,2978.3,2847.6,10626.6,4.719,3.732,56,56,,,,,,,,,153.2,140.7,,,733
10000000131,"Aug 4, 2025, 11:16:00 AM",Footing matin,Run,,42:08,6.91,,27,false,,,,,,2528.5,2520.6,6908.6,3.916,2.741,23,23,,,,,,,,,145.1,125.4,,,461
10000000132,"Aug 5, 2025, 7:44:00 AM",Long run dimanche,Run,,2:52:25,26.28,,144,false,,,,,,10345.3,10135.9,26279.5,3.298,2.593,329,329,,,,,,,,,146.7,133.2,,,1827
10000000134,"Aug 10, 2025, 8:17:00 AM",Footing souple,Run,,35:44,5.31,,22,false,,,,,,2144.4,2046.3,5306.0,3.696,2.593,100,100,,,,,,,,,123.1,110.4,,,336
10000000133,"Aug 11, 2025, 9:22:00 AM",Long run dimanche,Run,,2:40:51,23.97,,56,false,,,,,,9650.9,9125.6,23973.1,3.848,2.627,281,281,,,,,,,,,145.6,129.4,,,1714
10000000137,"Aug 12, 2025, 9:20:00 AM",Endurance fondamentale,Run,,2:21:12,21.96,,149,false,,,,,,8472.0,8414.3,21957.0,3.600,2.609,238,238,,,,,,,,,153.5,132.5,,,1387
10000000135,"Aug 15, 2025, 6:13:00 AM",Easy run - Buttes-Chaumont,Run,,1:04:11,10.02,,127,false,,,,,,3850.6,3600.7,10019.0,3.529,2.782,66,66,,,,,,,,,140.2,122.2,,,718
10000000136,"Aug 18, 2025, 8:11:00 AM",Footing matin,Run,,1:03:46,9.92,,126,false,,,,,,3826.3,3650.8,9917.4,4.123,2.716,37,37,,,,,,,,,137.0,123.4,,,616
10000000138,"Aug 20, 2025, 9:59:00 AM",Pyramide,Run,,46:22,9.68,,54,false,,,,,,2781.9,2742.0,9675.2,5.165,3.528,70,70,,,,,,,,,158.6,139.2,,,612
10000000140,"Aug 22, 2025, 8:29:00 AM",6x800,Run,,1:00:52,12.13,,78,false,,,,,,3651.7,3451.7,12134.9,4.701,3.516,118,118,,,,,,,,,163.1,143.7,,,743
10000000139,"Aug 23, 2025, 10:13:00 AM",Easy run - Buttes-Chaumont,Run,,43:03,6.97,,70,false,,,,,,2582.5,2466.0,6975.0,3.654,2.828,73,73,,,,,,,,,142.9,124.1,,,491
10000000142,"Aug 24, 2025, 7:53:00 AM",Footing en forêt - Canal de l'Ourcq,Run,,1:02:05,10.12,,131,false,,,,,,3724.7,3692.7,10116.4,3.509,2.740,144,144,,,,,,,,,136.7,119.5,,,671
10000000141,"Aug 25, 2025, 8:14:00 AM",Sortie facile - Bois de Vincennes,Run,,52:30,8.68,,39,false,,,,,,3150.0,3027.8,8680.4,3.922,2.867,51,51,,,,,,,,,138.7,125.5,,,574
10000000144,"Aug 26, 2025, 7:02:00 AM",Petit footing,Run,,1:01:54,10.08,,99,false,,,,,,3713.5,3685.2,10081.8,3.804,2.736,128,128,,,,,,,,,136.4,125.3,,,623
10000000145,"Aug 28, 2025, 5:57:00 AM",Récup active,Run,,1:06:17,10.84,,85,false,,,,,,3977.0,3964.6,10841.5,4.139,2.735,51,51,,,,,,,,,141.4,124.8,,,726
10000000146,"Aug 31, 2025, 11:16:00 AM",Déblocage,Run,,41:17,6.59,,36,false,,,,,,2476.9,2453.9,6591.5,3.742,2.686,1,1,,,,,,,,,134.6,122.6,,,430
10000000143,"Sep 1, 2025, 7:06:00 AM",Footing en forêt - Parc de Sceaux,Run,,57:08,9.17,,136,false,,,,,,3427.7,3269.9,9169.0,4.293,2.804,132,132,,,,,,,,,146.8,126.8,,,645
10000000150,"Sep 3, 2025, 11:06:00 AM",Récup active,Run,,47:05,7.30,,87,false,,,,,,2825.4,2660.5,7303.6,4.007,2.745,101,101,,,,,,,,,142.6,123.6,,,507
10000000149,"Sep 4, 2025, 5:45:00 AM",Fractionné 400m,Run,,38:47,8.08,,88,false,,,,,,2327.4,2260.4,8078.2,4.351,3.574,83,83,,,,,,,,,169.5,142.1,,,529
10000000147,"Sep 6, 2025, 7:59:00 AM",Déblocage,Run,,1:11:34,11.96,,122,false,,,,,,4293.8,4216.4,11957.1,4.313,2.836,191,191,,,,,,,,,146.2,127.7,,,786
10000000148,"Sep 7, 2025, 6:21:00 AM",Déblocage,Run,,44:54,7.38,,116,false,,,,,,2693.7,2614.0,7378.0,4.052,2.822,98,98,,,,,,,,,142.4,123.9,,,512
10000000155,"Sep 10, 2025, 5:43:00 AM",Récupération,Run,,31:28,4.57,,32,false,,,,,,1887.7,1779.3,4574.3,3.802,2.571,83,83,,,,,,,,,116.6,105.0,,,327
10000000154,"Sep 11, 2025, 9:32:00 AM",VMA courte,Run,,57:15,12.24,,50,false,,,,,,3435.0,3398.6,12235.7,5.007,3.600,67,67,,,,,,,,,169.4,142.5,,,773
10000000153,"Sep 12, 2025, 6:54:00 AM",Sortie facile - Parc de Sceaux,Run,,1:06:12,10.25,,133,false,,,,,,3971.6,3716.2,10245.5,3.621,2.757,125,125,,,,,,,,,132.5,116.1,,,698
10000000152,"Sep 14, 2025, 10:00:00 AM",SL,Run,,1:39:23,15.61,,112,false,,,,,,5962.7,5773.9,15609.5,3.449,2.703,164,164,,,,,,,,,140.0,127.6,,,1098
10000000151,"Sep 15, 2025, 7:30:00 AM",Semi-marathon,Run,,1:37:23,21.10,,35,false,,,,,,5842.9,5495.8,21097.5,5.494,3.839,22,22,,,,,,,,,160.0,152.6,,,1443
10000000157,"Sep 16, 2025, 10:16:00 AM",Petit footing - Canal de l'Ourcq,Run,,50:24,8.48,,109,false,,,,,,3024.1,3022.4,8483.6,4.103,2.807,58,58,,,,,,,,,144.0,123.7,,,549
10000000156,"Sep 18, 2025, 9:18:00 AM",Long run dimanche,Run,,2:38:45,25.08,,40,false,,,,,,9525.0,9290.2,25081.7,3.631,2.700,235,235,,,,,,,,,149.0,128.2,,,1782
10000000159,"Sep 21, 2025, 6:03:00 AM",Tempo,Run,,36:12,7.85,,131,false,,,,,,2172.2,2064.6,7846.3,4.946,3.800,40,40,,,,,,,,,161.3,149.8,,,551
10000000158,"Sep 22, 2025, 11:11:00 AM",Déblocage,Run,,1:07:14,11.00,,55,false,,,,,,4034.0,3901.8,11000.2,3.795,2.819,119,119,,,,,,,,,140.7,121.6,,,693
10000000162,"Sep 25, 2025, 6:11:00 AM",Sortie longue,Run,,1:58:58,18.28,,73,false,,,,,,7138.4,6769.8,18281.4,4.056,2.700,174,174,,,,,,,,,143.3,129.7,,,1137
10000000160,"Sep 27, 2025, 9:12:00 AM",Petit footing - Buttes-Chaumont,Run,,42:37,6.91,,68,false,,,,,,2556.6,2405.7,6906.2,3.999,2.871,56,56,,,,,,,,,143.0,122.7,,,463
10000000161,"Sep 28, 2025, 6:36:00 AM",Footing matin,Run,,55:52,9.18,,59,false,,,,,,3351.8,3209.3,9176.5,3.721,2.859,100,100,,,,,,,,,140.0,122.4,,,585
10000000166,"Oct 1, 2025, 9:19:00 AM",Décrassage,Run,,26:59,4.16,,115,false,,,,,,1619.4,1575.9,4161.1,3.914,2.640,37,37,,,,,,,,,124.6,107.5,,,255
10000000163,"Oct 2, 2025, 6:43:00 AM",Seuil continu,Run,,46:44,10.22,,117,false,,,,,,2804.2,2624.7,10224.5,5.702,3.896,212,212,,,,,,,,,159.1,145.6,,,678
10000000164,"Oct 3, 2025, 7:31:00 AM",Sortie facile,Run,,40:21,6.45,,41,false,,,,,,2421.4,2337.9,6446.1,4.080,2.757,85,85,,,,,,,,,140.4,120.1,,,446
10000000165,"Oct 4, 2025, 7:20:00 AM",Sortie longue,Run,,2:03:12,20.18,,63,false,,,,,,7391.6,7266.9,20177.8,3.777,2.777,227,227,,,,,,,,,149.4,131.0,,,1344
10000000168,"Oct 7, 2025, 10:05:00 AM",Footing en forêt,Run,,1:11:07,11.66,,111,false,,,,,,4266.7,4086.7,11657.8,4.218,2.853,158,158,,,,,,,,,138.0,123.0,,,716
10000000167,"Oct 11, 2025, 10:54:00 AM",Long run dimanche,Run,,2:23:22,23.59,,20,false,,,,,,8602.3,8493.1,23588.7,4.404,2.777,103,103,,,,,,,,,148.6,131.4,,,1535
10000000169,"Oct 12, 2025, 6:16:00 AM",Footing en forêt,Run,,39:01,6.56,,140,false,,,,,,2340.7,2323.7,6558.4,3.551,2.822,66,66,,,,,,,,,135.0,120.5,,,470
10000000170,"Oct 13, 2025, 8:49:00 AM",Endurance fondamentale,Run,,1:38:07,15.48,,48,false,,,,,,5886.6,5688.5,15475.0,3.334,2.720,114,114,,,,,,,,,147.1,132.0,,,1077
10000000174,"Oct 14, 2025, 7:10:00 AM",Récup active - Canal de l'Ourcq,Run,,1:05:43,10.79,,69,false,,,,,,3943.1,3918.0,10786.1,3.345,2.753,173,173,,,,,,,,,142.2,124.6,,,743
10000000171,"Oct 16, 2025, 11:08:00 AM",Sortie facile,Run,,54:44,8.37,,87,false,,,,,,3283.7,3044.0,8374.2,3.977,2.751,139,139,,,,,,,,,139.3,124.3,,,567
10000000172,"Oct 19, 2025, 6:50:00 AM",Endurance fondamentale,Run,,2:16:40,21.23,,142,false,,,,,,8200.2,7758.5,21227.1,3.937,2.736,203,203,,,,,,,,,154.0,133.3,,,1363
10000000173,"Oct 20, 2025, 6:16:00 AM",Tempo run 30',Run,,41:38,8.83,,77,false,,,,,,2498.3,2344.5,8825.1,5.481,3.764,99,99,,,,,,,,,167.9,155.5,,,629
10000000176,"Oct 21, 2025, 5:46:00 AM",SL,Run,,2:21:48,22.32,,124,false,,,,,,8508.4,8373.3,22321.9,3.899,2.666,315,315,,,,,,,,,140.3,128.7,,,1489
10000000175,"Oct 22, 2025, 11:12:00 AM",Allure spécifique,Run,,39:26,8.80,,97,false,,,,,,2366.3,2313.4,8797.6,4.615,3.803,60,60,,,,,,,,,158.4,146.0,,,554
10000000177,"Oct 23, 2025, 9:39:00 AM",Récup active,Run,,58:21,9.48,,42,false,,,,,,3500.7,3361.9,9483.1,3.646,2.821,55,55,,,,,,,,,139.7,123.1,,,629
10000000178,"Oct 28, 2025, 6:21:00 AM",Tempo,Run,,41:23,9.61,,20,false,,,,,,2483.0,2475.8,9605.6,5.027,3.880,141,141,,,,,,,,,153.7,146.2,,,590
10000000182,"Oct 30, 2025, 9:09:00 AM",Sortie facile,Run,,1:09:23,11.80,,121,false,,,,,,4163.2,4111.4,11795.5,4.587,2.869,62,62,,,,,,,,,135.4,121.2,,,811
10000000179,"Oct 31, 2025, 8:05:00 AM",Petit footing,Run,,41:08,6.66,,96,false,,,,,,2467.5,2399.7,6656.2,3.767,2.774,37,37,,,,,,,,,138.4,122.1,,,424
10000000181,"Nov 1, 2025, 8:37:00 AM",Allure spécifique,Run,,48:50,11.04,,28,false,,,,,,2930.3,2813.8,11043.6,5.867,3.925,68,68,,,,,,,,,157.2,147.9,,,755
10000000180,"Nov 3, 2025, 9:57:00 AM",Petit footing - Canal de l'Ourcq,Run,,42:33,7.11,,127,false,,,,,,2552.6,2534.3,7106.7,3.684,2.804,14,14,,,,,,,,,138.4,125.8,,,450
99000000280,"Nov 4, 2025, 10:30:00 PM",Yoga récup,Yoga,,54:48,0.00,,,false,,,,,,3288.0,3063.7,0.0,0.000,0.000,,,,,,,,,,,,,,,200
10000000186,"Nov 6, 2025, 9:05:00 AM",Seuil continu,Run,,36:49,8.10,,98,false,,,,,,2208.7,2050.6,8102.6,5.179,3.951,89,89,,,,,,,,,159.7,148.7,,,505
10000000184,"Nov 7, 2025, 7:30:00 AM",Footing souple,Run,,28:25,4.52,,94,false,,,,,,1705.2,1679.1,4519.7,4.231,2.692,55,55,,,,,,,,,125.6,111.5,,,283
10000000183,"Nov 8, 2025, 7:01:00 AM",Déblocage,Run,,43:03,7.10,,33,false,,,,,,2582.7,2529.9,7098.3,3.824,2.806,8,8,,,,,,,,,136.4,121.9,,,504
10000000185,"Nov 10, 2025, 8:40:00 AM",Tempo,Run,,51:07,11.82,,143,false,,,,,,3066.5,3048.9,11819.1,5.108,3.877,22,22,,,,,,,,,159.6,146.7,,,795
10000000190,"Nov 12, 2025, 7:15:00 AM",Allure spécifique,Run,,40:29,9.06,,133,false,,,,,,2428.7,2282.1,9058.0,6.282,3.969,76,76,,,,,,,,,158.1,150.2,,,635
10000000187,"Nov 13, 2025, 5:58:00 AM",Tempo,Run,,46:17,10.27,,110,false,,,,,,2776.5,2606.9,10268.4,5.632,3.939,149,149,,,,,,,,,161.4,148.4,,,714
99000000283,"Nov 13, 2025, 8:30:00 PM",Sortie vélo,Ride,,2:41:22,52.66,,,false,,,,,,9682.1,8987.5,52663.5,8.352,5.860,84,84,,,,,,,,,158.6,136.8,,,1579
99000000270,"Nov 13, 2025, 9:30:00 PM",Yoga récup,Yoga,,1:12:11,0.00,,,false,,,,,,4331.1,4079.8,0.0,0.000,0.000,,,,,,,,,,,,,,,200
10000000189,"Nov 15, 2025, 10:27:00 AM",Sortie longue,Run,,2:26:06,21.92,,79,false,,,,,,8765.7,8139.8,21919.7,3.726,2.693,274,274,,,,,,,,,149.1,128.6,,,1373
10000000188,"Nov 16, 2025, 7:20:00 AM",Sortie facile,Run,,1:06:47,10.86,,35,false,,,,,,4007.3,3827.7,10864.2,3.437,2.838,80,80,,,,,,,,,133.2,121.0,,,759
10000000192,"Nov 18, 2025, 8:43:00 AM",Tempo run 30',Run,,32:49,7.47,,149,false,,,,,,1969.5,1958.9,7465.7,5.539,3.811,42,42,,,,,,,,,156.1,143.5,,,523
10000000193,"Nov 19, 2025, 8:27:00 AM",Footing récup,Run,,33:00,5.01,,61,false,,,,,,1980.1,1878.4,5010.4,3.446,2.667,33,33,,,,,,,,,129.2,113.0,,,309
10000000191,"Nov 24, 2025, 8:07:00 AM",Sortie longue,Run,,2:50:35,26.44,,21,false,,,,,,10235.5,9508.7,26441.6,3.911,2.781,206,206,,,,,,,,,155.6,135.1,,,1866
10000000195,"Nov 25, 2025, 6:33:00 AM",Petit footing,Run,,1:11:34,11.60,,32,false,,,,,,4293.8,4025.8,11596.4,3.743,2.881,61,61,,,,,,,,,140.5,120.5,,,800
10000000197,"Nov 27, 2025, 7:38:00 AM",Endurance fondamentale,Run,,2:38:10,23.45,,29,false,,,,,,9490.1,9004.8,23452.9,3.981,2.604,225,225,,,,,,,,,142.8,129.0,,,1631
10000000196,"Nov 30, 2025, 10:13:00 AM",Tempo run 30',Run,,41:43,9.15,,65,false,,,,,,2502.8,2329.3,9146.2,5.460,3.927,75,75,,,,,,,,,158.9,147.7,,,560
99000000284,"Dec 1, 2025, 1:30:00 AM",PPG,Workout,,1:09:43,0.00,,,false,,,,,,4182.7,3903.4,0.0,0.000,0.000,,,,,,,,,,,162.8,123.4,,,200
10000000194,"Dec 1, 2025, 7:30:00 AM",10 km départemental,Run,,44:07,10.00,,138,false,,,,,,2646.7,2460.3,10000.0,5.988,4.065,5,5,,,,,,,,,165.7,158.2,,,684
10000000200,"Dec 4, 2025, 5:45:00 AM",Endurance fondamentale,Run,,2:01:33,18.92,,115,false,,,,,,7292.5,7012.6,18921.4,3.453,2.698,139,139,,,,,,,,,150.0,134.3,,,1288
10000000199,"Dec 5, 2025, 10:16:00 AM",Footing en forêt - Bois de Vincennes,Run,,1:12:52,11.78,,46,false,,,,,,4371.6,4086.3,11779.5,3.698,2.883,80,80,,,,,,,,,140.0,123.7,,,828
10000000198,"Dec 8, 2025, 6:27:00 AM",Footing matin - Bois de Vincennes,Run,,1:02:18,10.33,,40,false,,,,,,3737.6,3664.4,10334.6,4.082,2.820,117,117,,,,,,,,,143.8,124.2,,,698
10000000204,"Dec 10, 2025, 5:30:00 AM",SL,Run,,2:26:10,24.16,,107,false,,,,,,8770.1,8695.9,24164.0,4.357,2.779,282,282,,,,,,,,,145.9,127.6,,,1661
10000000203,"Dec 12, 2025, 10:34:00 AM",Pyramide,Run,,1:02:26,12.87,,119,false,,,,,,3746.4,3557.6,12871.6,5.230,3.618,90,90,,,,,,,,,171.1,144.5,,,884
10000000202,"Dec 13, 2025, 10:09:00 AM",Sortie facile - Parc de Sceaux,Run,,48:00,7.72,,82,false,,,,,,2880.5,2760.9,7718.9,3.402,2.796,68,68,,,,,,,,,136.7,119.4,,,478
10000000201,"Dec 15, 2025, 7:43:00 AM",Footing matin,Run,,1:03:24,10.10,,148,false,,,,,,3804.0,3624.1,10097.7,3.892,2.786,117,117,,,,,,,,,132.1,120.9,,,721
10000000206,"Dec 16, 2025, 10:37:00 AM",SL,Run,,1:44:42,16.00,,83,false,,,,,,6282.3,5861.7,16001.9,4.225,2.730,214,214,,,,,,,,,145.2,128.7,,,1107
99000000263,"Dec 17, 2025, 10:30:00 PM",PPG,Workout,,52:00,0.00,,,false,,,,,,3120.2,2892.5,0.0,0.000,0.000,,,,,,,,,,,142.7,120.4,,,200
10000000207,"Dec 19, 2025, 6:05:00 AM",Easy run,Run,,51:43,9.01,,94,false,,,,,,3103.1,3035.1,9008.7,3.826,2.968,69,69,,,,,,,,,130.2,117.9,,,623
10000000205,"Dec 21, 2025, 9:34:00 AM",Allure spécifique,Run,,49:00,11.37,,82,false,,,,,,2939.6,2926.9,11367.3,5.902,3.884,138,138,,,,,,,,,160.0,150.0,,,783
99000000281,"Dec 22, 2025, 1:30:00 AM",Sortie vélo,Ride,,1:00:40,24.11,,,false,,,,,,3640.0,3489.1,24105.7,9.679,6.909,142,142,,,,,,,,,164.8,136.5,,,723
10000000210,"Dec 23, 2025, 11:23:00 AM",Tempo,Run,,43:08,9.73,,42,false,,,,,,2588.3,2509.3,9732.8,5.719,3.879,105,105,,,,,,,,,161.9,151.1,,,695
10000000209,"Dec 24, 2025, 8:07:00 AM",Petit footing,Run,,54:13,8.74,,79,false,,,,,,3253.4,3017.7,8740.5,4.285,2.896,68,68,,,,,,,,,139.2,126.1,,,608
10000000211,"Dec 27, 2025, 8:33:00 AM",Sortie facile,Run,,1:02:25,9.94,,47,false,,,,,,3744.7,3549.0,9943.8,3.375,2.802,78,78,,,,,,,,,133.5,120.5,,,618
10000000208,"Dec 29, 2025, 9:25:00 AM",Récup active,Run,,59:07,10.04,,99,false,,,,,,3546.8,3389.3,10040.0,3.940,2.962,60,60,,,,,,,,,139.5,124.8,,,648
10000000212,"Dec 31, 2025, 9:14:00 AM",Long run dimanche,Run,,2:06:24,20.13,,50,false,,,,,,7583.9,7429.6,20126.6,3.845,2.709,167,167,,,,,,,,,146.9,127.5,,,1300
10000000215,"Jan 3, 2026, 9:45:00 AM",Sortie longue,Run,,2:42:35,25.81,,67,false,,,,,,9755.3,9400.8,25812.6,3.968,2.746,201,201,,,,,,,,,149.9,133.6,,,1708
10000000213,"Jan 4, 2026, 8:50:00 AM",Petit footing - Parc de Sceaux,Run,,38:06,6.45,,111,false,,,,,,2286.0,2198.3,6448.1,3.767,2.933,58,58,,,,,,,,,130.5,118.2,,,461
10000000214,"Jan 5, 2026, 11:08:00 AM",Footing matin - Parc de Sceaux,Run,,46:08,7.85,,56,false,,,,,,2768.1,2688.0,7849.8,4.502,2.920,95,95,,,,,,,,,141.9,122.7,,,492
10000000216,"Jan 8, 2026, 5:42:00 AM",Déblocage,Run,,58:37,9.78,,94,false,,,,,,3517.1,3467.3,9781.8,3.533,2.821,70,70,,,,,,,,,131.7,121.0,,,612
99000000260,"Jan 9, 2026, 12:30:00 AM",Rando,Hike,,3:19:37,15.01,,,false,,,,,,11977.2,11762.2,15007.3,1.582,1.276,26,26,,,,,,,,,158.5,135.3,,,450
10000000217,"Jan 9, 2026, 10:55:00 AM",5x1000m,Run,,57:29,12.15,,76,false,,,,,,3449.4,3376.4,12146.8,4.656,3.598,109,109,,,,,,,,,167.5,142.0,,,747
10000000218,"Jan 11, 2026, 9:26:00 AM",Sortie longue dominicale,Run,,1:47:20,17.25,,144,false,,,,,,6440.0,6249.6,17246.5,3.473,2.760,173,173,,,,,,,,,141.1,127.5,,,1144
10000000220,"Jan 13, 2026, 7:12:00 AM",SL,Run,,1:37:55,15.38,,42,false,,,,,,5874.9,5805.4,15380.9,4.033,2.649,253,253,,,,,,,,,139.5,127.3,,,985
10000000221,"Jan 15, 2026, 8:29:00 AM",Allure semi,Run,,50:43,11.59,,130,false,,,,,,3042.6,2925.7,11586.3,6.329,3.960,107,107,,,,,,,,,160.0,147.4,,,731
10000000219,"Jan 19, 2026, 8:47:00 AM",Récupération,Run,,41:20,6.35,,122,false,,,,,,2480.0,2381.5,6345.7,3.966,2.665,33,33,,,,,,,,,122.0,108.9,,,390
99000000274,"Jan 20, 2026, 12:30:00 AM",Rando,Hike,,2:35:44,10.24,,,false,,,,,,9344.3,9125.3,10239.8,1.599,1.122,86,86,,,,,,,,,160.6,135.6,,,307
10000000225,"Jan 20, 2026, 10:50:00 AM",Sortie facile,Run,,46:10,7.81,,109,false,,,,,,2769.7,2649.3,7810.6,4.008,2.948,136,136,,,,,,,,,147.6,127.0,,,525
10000000223,"Jan 21, 2026, 8:15:00 AM",Sortie facile,Run,,54:08,9.61,,81,false,,,,,,3248.0,3232.5,9610.0,4.535,2.973,49,49,,,,,,,,,140.9,122.0,,,675
10000000222,"Jan 23, 2026, 7:41:00 AM",Footing souple,Run,,37:35,5.69,,63,false,,,,,,2255.0,2146.8,5690.8,3.658,2.651,116,116,,,,,,,,,129.7,116.6,,,350
10000000226,"Jan 24, 2026, 7:38:00 AM",10x400,Run,,52:20,11.07,,141,false,,,,,,3139.9,3051.8,11068.5,5.165,3.627,40,40,,,,,,,,,164.5,136.7,,,764
10000000224,"Jan 26, 2026, 5:53:00 AM",Déblocage,Run,,36:31,6.13,,35,false,,,,,,2190.9,2146.7,6131.5,3.450,2.856,133,133,,,,,,,,,138.9,119.4,,,401
10000000231,"Jan 28, 2026, 11:04:00 AM",Long run dimanche,Run,,1:58:47,18.01,,45,false,,,,,,7126.7,6664.3,18005.6,4.283,2.702,142,142,,,,,,,,,147.6,131.3,,,1230
10000000230,"Jan 29, 2026, 5:51:00 AM",Footing en forêt,Run,,44:35,7.57,,42,false,,,,,,2675.3,2557.5,7566.8,4.319,2.959,6,6,,,,,,,,,137.5,126.2,,,536
10000000229,"Jan 30, 2026, 6:58:00 AM",Footing matin,Run,,55:30,9.28,,107,false,,,,,,3330.2,3134.5,9276.1,3.972,2.959,5,5,,,,,,,,,140.0,122.3,,,571
10000000228,"Feb 1, 2026, 10:56:00 AM",Sortie facile,Run,,43:46,7.50,,135,false,,,,,,2625.9,2527.3,7497.2,4.434,2.967,44,44,,,,,,,,,137.4,122.9,,,498
10000000227,"Feb 2, 2026, 6:22:00 AM",Long run dimanche,Run,,1:42:50,16.35,,102,false,,,,,,6170.3,5987.7,16353.4,3.590,2.731,206,206,,,,,,,,,146.9,129.8,,,1079
10000000234,"Feb 3, 2026, 6:12:00 AM",Récup active,Run,,50:57,8.79,,125,false,,,,,,3057.1,3022.0,8790.3,3.685,2.909,85,85,,,,,,,,,140.4,122.9,,,577
10000000232,"Feb 4, 2026, 7:10:00 AM",Récup active,Run,,50:39,8.57,,94,false,,,,,,3038.9,2959.1,8565.6,4.205,2.895,28,28,,,,,,,,,129.7,118.9,,,568
10000000233,"Feb 5, 2026, 8:26:00 AM",Petit footing,Run,,1:06:40,10.71,,41,false,,,,,,4000.1,3745.7,10709.3,3.512,2.859,117,117,,,,,,,,,135.2,120.7,,,706
99000000276,"Feb 14, 2026, 3:30:00 PM",Sortie vélo,Ride,,1:40:27,45.74,,,false,,,,,,6027.0,5918.9,45735.9,10.252,7.727,120,120,,,,,,,,,166.1,145.6,,,1372
10000000235,"Feb 16, 2026, 9:30:00 AM",Marathon,Run,,3:11:59,42.20,,103,false,,,,,,11519.2,11256.8,42195.0,4.899,3.748,80,80,,,,,,,,,152.3,142.0,,,2886
10000000238,"Feb 17, 2026, 6:29:00 AM",Sortie longue,Run,,2:25:48,22.64,,132,false,,,,,,8747.8,8562.0,22638.5,3.643,2.644,278,278,,,,,,,,,152.5,131.9,,,1523
10000000239,"Feb 18, 2026, 10:00:00 AM",Footing matin - Forêt de Meudon,Run,,46:44,7.72,,145,false,,,,,,2804.2,2725.1,7716.6,4.063,2.832,40,40,,,,,,,,,140.0,124.4,,,484
10000000236,"Feb 19, 2026, 8:42:00 AM",Easy run,Run,,1:14:36,11.91,,23,false,,,,,,4475.6,4332.1,11906.2,3.500,2.748,159,159,,,,,,,,,145.0,124.1,,,835
10000000237,"Feb 20, 2026, 8:03:00 AM",Petit footing,Run,,1:13:17,11.46,,142,false,,,,,,4397.1,4155.2,11464.8,4.042,2.759,87,87,,,,,,,,,134.1,120.1,,,703
99000000272,"Feb 22, 2026, 10:30:00 PM",Natation,Swim,,55:14,2.22,,,false,,,,,,3313.5,3137.6,2222.6,0.873,0.708,,,,,,,,,,,165.9,138.3,,,66
10000000243,"Feb 24, 2026, 10:42:00 AM",Récup active,Run,,43:32,7.16,,28,false,,,,,,2611.6,2577.2,7156.6,3.447,2.777,109,109,,,,,,,,,142.3,122.1,,,473
10000000244,"Feb 25, 2026, 9:07:00 AM",Footing en forêt,Run,,1:13:21,11.54,,23,false,,,,,,4401.4,4112.3,11538.4,3.983,2.806,113,113,,,,,,,,,139.8,119.3,,,726
10000000240,"Feb 27, 2026, 11:13:00 AM",VMA courte,Run,,58:45,12.49,,30,false,,,,,,3525.1,3416.6,12485.2,5.503,3.654,77,77,,,,,,,,,165.0,140.7,,,895
10000000241,"Feb 28, 2026, 5:42:00 AM",Petit footing - Forêt de Meudon,Run,,47:32,7.80,,105,false,,,,,,2851.5,2792.9,7802.9,3.526,2.794,112,112,,,,,,,,,137.1,120.3,,,539
10000000242,"Mar 2, 2026, 7:19:00 AM",Seuil continu,Run,,52:54,11.34,,52,false,,,,,,3174.3,2964.3,11335.9,5.062,3.824,146,146,,,,,,,,,158.4,147.8,,,801
10000000247,"Mar 4, 2026, 11:23:00 AM",Easy run,Run,,43:05,7.31,,37,false,,,,,,2584.6,2527.2,7309.3,4.195,2.892,45,45,,,,,,,,,130.0,119.5,,,498
10000000246,"Mar 6, 2026, 7:57:00 AM",Endurance fondamentale,Run,,2:15:28,21.16,,106,false,,,,,,8128.3,7617.3,21163.3,3.366,2.778,313,313,,,,,,,,,150.8,132.8,,,1489
10000000245,"Mar 7, 2026, 9:02:00 AM",Footing matin,Run,,1:00:49,9.43,,81,false,,,,,,3649.3,3414.3,9433.5,3.675,2.763,123,123,,,,,,,,,132.3,119.0,,,675
10000000248,"Mar 9, 2026, 11:27:00 AM",Long run dimanche,Run,,2:01:53,18.88,,55,false,,,,,,7313.1,6783.9,18880.2,3.941,2.783,321,321,,,,,,,,,141.9,128.7,,,1193
10000000250,"Mar 10, 2026, 7:36:00 AM",Endurance fondamentale,Run,,1:17:36,12.02,,110,false,,,,,,4655.6,4495.6,12022.6,4.246,2.674,159,159,,,,,,,,,147.3,130.9,,,752
10000000249,"Mar 11, 2026, 10:22:00 AM",SL,Run,,2:32:18,23.52,,102,false,,,,,,9138.2,9010.6,23520.2,3.756,2.610,113,113,,,,,,,,,148.3,130.3,,,1526
10000000254,"Mar 17, 2026, 10:57:00 AM",Endurance fondamentale,Run,,1:35:36,15.06,,88,false,,,,,,5735.7,5458.0,15061.3,3.934,2.759,146,146,,,,,,,,,145.9,128.9,,,991
10000000255,"Mar 19, 2026, 9:42:00 AM",Footing matin,Run,,36:59,6.03,,65,false,,,,,,2219.4,2111.4,6028.0,3.780,2.855,51,51,,,,,,,,,145.5,127.1,,,409
10000000253,"Mar 20, 2026, 6:01:00 AM",Récup active,Run,,51:37,8.46,,77,false,,,,,,3097.0,2968.8,8455.2,4.334,2.848,99,99,,,,,,,,,138.2,120.2,,,533
10000000251,"Mar 21, 2026, 6:00:00 AM",Footing matin,Run,,1:06:56,11.23,,59,false,,,,,,4016.1,3901.9,11228.6,3.752,2.878,121,121,,,,,,,,,135.5,120.2,,,757
10000000252,"Mar 22, 2026, 6:25:00 AM",Récupération,Run,,27:10,4.21,,130,false,,,,,,1629.6,1629.5,4213.6,3.946,2.586,,,,,,,,,,,120.9,109.5,,,264
10000000259,"Mar 24, 2026, 11:13:00 AM",Déblocage - Forêt de Meudon,Run,,1:00:44,10.14,,21,false,,,,,,3644.0,3546.4,10138.5,3.967,2.859,42,42,,,,,,,,,136.5,124.4,,,692
10000000256,"Mar 27, 2026, 10:38:00 AM",Récup active,Run,,1:07:56,10.94,,82,false,,,,,,4076.1,3796.1,10943.1,4.551,2.883,74,74,,,,,,,,,140.2,126.2,,,727
10000000258,"Mar 28, 2026, 6:08:00 AM",Footing matin,Run,,48:37,8.20,,58,false,,,,,,2917.3,2915.1,8199.5,3.860,2.813,138,138,,,,,,,,,139.5,123.3,,,559
99000000282,"Mar 29, 2026, 1:30:00 AM",PPG,Workout,,1:12:28,0.00,,,false,,,,,,4348.2,4269.2,0.0,0.000,0.000,,,,,,,,,,,159.6,136.9,,,200
10000000257,"Mar 29, 2026, 7:16:00 AM",Tempo,Run,,35:13,7.82,,92,false,,,,,,2113.4,2052.1,7824.4,5.204,3.813,59,59,,,,,,,,,160.0,146.1,,,528
